[
	{
		"question": "The first Indian state to offer a Wage Compensation Scheme for pregnant women working in the tea gardens of the state is:?",
		"options": [
			"Karnataka",
			"Kerala",
			"Assam"
		],
		"answer": "3"
	},
{
		"question": "Ministry of AYUSH has set up an AYUSH Information Cell in which of the following country?",
		"options": [
			"Romania",
			"Serbia",
			"Ukraine"
		],
		"answer": "1"
	},

{
		"question": "Which state signed a MoU with Portugal for Water And Sewage Management?",
		"options": [
			"Telangana",
			"Goa",
			"Kerala"
		],
		"answer": "2"
	},

{
		"question": "Who inagurated Odisha Bhawan in Chennai recently?",
		"options": [
			"Naveen Patnaik",
			"Ram Nath Kovind",
			"Narendra Modi"
		],
		"answer": "1"
	},

{
		"question": "The International Translation Day was observed on which date?",
		"options": [
			"September 29th",
			"September 30th",
			"September 28th"
		],
		"answer": "2"
	},

{
		"question": "Ministry of Housing and Urban Affairs join hands with __________ to launch the Loo Review campaign.",
		"options": [
			"Google",
			"Facebook",
			"Oracle"
		],
		"answer": "1"
	},

{
		"question": "Which city gets India's 1st Comprehensive City-Level Flood Forecasting And Warning System?",
		"options": [
			"Mumbai",
			"Kolkata",
			"Hyderabad"
		],
		"answer": "2"
	},

{
		"question": "2018 Nobel Medicine or Physiology Prize has been awarded to whom of the following persons?",
		"options": [
			"James P Allison and Tasaku Honjo",
			"Carl H. June and Timothy Ray Brown",
			"Steven Rosenberg and Zelig Eshhar"
		],
		"answer": "1"
	},

{
		"question": "Which social media reports major security breach, 50 million users exposed by unknown attackers?",
		"options": [
			"Facebook",
			"Twitter",
			"Snapchat"
		],
		"answer": "1"
	},

{
		"question": "The CM of this state announced the setting up of a Ministry for cows",
		"options": [
			"Tamil Nadu",
			"Madhya Pradesh",
			"Gujarat"
		],
		"answer": "2"
	},

{
		"question": "Who launched SATAT Initiative?",
		"options": [
			"Petroleum Minister",
			"Finance Minister",
			"Minister of Home Affairs"
		],
		"answer": "1"
	},

{
		"question": "Which of the following has been stopped by the Supreme Court?",
		"options": [
			"linking mobile phone",
			"e-KYC",
			"linking bank account"
		],
		"answer": "2"
	},

{
		"question": " India's first methanol-based alternative cooking fuel is to be established in __________",
		"options": [
			"Assam",
			"Himachal Pradesh",
			"Rajasthan"
		],
		"answer": "1"
	},

{
		"question": "Which of these tops in the Unified Payments Interface (UPI) payments with over 33% of the overall market share?",
		"options": [
			"MobiKwik",
			"Paytm",
			"Google Pay"
		],
		"answer": "2"
	},

{
		"question": "Which network company signed world's first big 5G deal worth $3.5 billion?",
		"options": [
			"Samsung",
			"Huawei",
			"Nokia"
		],
		"answer": "3"
	},

{
		"question": "Which of the following is the only state in India that has an NRC (National Register of Citizens)?",
		"options": [
			"Assam",
			"West Bengal",
			"Punjab"
		],
		"answer": "1"
	},

{
		"question": "Which become the first State in the country to implement the national policy on biofuels?",
		"options": [
			"Punjab",
			"Uttar Pradesh",
			"Rajasthan"
		],
		"answer": "3"
	},

{
		"question": "Who won the 2018 RBC Canadian Open, recently?",
		"options": [
			"Whee Kim",
			"Dustin Johnson",
			"Keegan Bradley"
		],
		"answer": "1"
	},

{
		"question": "Who taken charge as a Director (Finance) of Hindustan Aeronautics Ltd (HAL)? ",
		"options": [
			"Vishnu Madav Ghatage",
			"C B Ananthakrishnan",
			"Roddam Narasimha"
		],
		"answer": "2"
	},

{
		"question": "Which firm makes history by becoming first US company to reach $1 trillion market value?",
		"options": [
			"Apple",
			"Amazon",
			"Microsoft"
		],
		"answer": "1"
	},
{
		"question": "This country becomes World's 2nd biggest stock market." ,
		"options": [
			"China",
			"US",
			"Japan"
		],
		"answer": "3"
	},

{
		"question": "Gita Mittal is appointed as new Chief Justice of __________ high court.",
		"options": [
			"Jammu and Kashmir",
			"West Bengal",
			"Kerala"
		],
		"answer": "1"
	},

{
		"question": "India successfully test-fires Advanced Air Defence interceptor missile from __________.",
		"options": [
			" Abdul Kalam Island",
			" Thiruvananthapuram",
			" Sriharikota"
		],
		"answer": "1"
	},

{
		"question": " Who announced to set up the floating solar power plants?",
		"options": [
			"IOCL",
			"GAIL",
			"MRPL"
		],
		"answer": "3"
	},

{
		"question": " Which company inks pact with Telangana govt?",
		"options": [
			" HCL",
			" Tech Mahindra",
			"Infosys"
		],
		"answer": "2"
	},
{
		"question": "As per (IBBI), which country has won Global Restructuring Review's most improved jurisdiction award?",
		"options": [
			"Singapore",
			"Malaysia",
			"India"
		],
		"answer": "3"
	},
     {
		"question": "Which state government have launched Kanya Van Samruddhi Yojana recently?",
		"options": [
			"Maharashtra",
			"Jharkhand",
			"Punjab"
		],
		"answer": "1"
	},
    {
		"question": "Which country conducts drill in Tibet 1st time since Doklam standoff?",
		"options": [
			"Pakistan",
			"China",
			"Nepal"
		],
		"answer": "2"
	},
{
		"question": "With which company, Kerala government signed a MoU for digital hub?",
		"options": [
			"Nissan",
			"Volkswagen",
			"Renault"
		],
		"answer": "1"
	},
{
		"question": "This city has topped the list of 'Smartest City' in Middle East survey.",
		"options": [
			"Sharjah",
			"Dubai",
			"Abu Dhabi"
		],
		"answer": "3"
	},
{
		"question": "The first Assamese to scale Mount Kanchenjunga, the third highest mountain in the world is",
		"options": [
			"Monti Rajkhowa",
			"Sangeeta Bahl",
			"Arunima Roy"
		],
		"answer": "1"
	},
{
		"question": "Which Indian state has maximum number of Unesco World Heritage Sites?",
		"options": [
			"Andra Pradesh",
			"Karnataka",
			"Maharashtra"
		],
		"answer": "3"
	},
{
		"question": "Asia's first arbitration centre will be come up in __________.",
		"options": [
			"Tokyo",
			"Beijing",
			"Bangkok"
		],
		"answer": "1"
	},
{
		"question": "What is the name of the moon of Saturn where complex organic molecules, that adds its potential to life, were discovered?",
		"options": [
			"Sirius",
			"Vega",
			"Enceladus"
		],
		"answer": "3"
	},
{
		"question": "Which will be the World's largest government funded health care programme?",
		"options": [
			"Ayushman Bharat programme",
			"Janani Suraksha Yojana",
			"Pradhan Mantri Swasthya Suraksha Yojana"
		],
		"answer": "1"
	},
{
		"question": "Who of the following was elected as new Director General of UN migration agency recently?",
		"options": [
			"Antonio Vitorino",
			"Ken Isaacs",
			"Allison Herbert"
		],
		"answer": "1"
	},
{
		"question": "With which state government, RIMES signs MoU for effective disaster management?",
		"options": [
			"Andra Pradesh",
			"Odisha",
			"Rajasthan"
		],
		"answer": "2"
	},
{
		"question": "Sathyasri Sharmila becomes First Transgender Lawyer of India. He belongs to the state of __________.",
		"options": [
			"Bihar",
			"Telangana",
			"Tamil Nadu"
		],
		"answer": "3"
	},
{
		"question": "Which country has been tagged worst human trafficking nation as per the report of US State Department's 2018 Trafficking in Persons?",
		"options": [
			"Canada",
			"France",
			"North Korea"
		],
		"answer": "3"
	},
{
		"question": "The first India state to set up the Khadi mall is;",
		"options": [
			"Gujarat",
			"Jharkhand",
			"Bihar"
		],
		"answer": "2"
	},
{
		"question": "Facebook has admitted it shared its users' data with how many tech companies?",
		"options": [
			"52",
			"25",
			"32"
		],
		"answer": "1"
	},
{
		"question": "This team won the 2018 Men's Hockey Champions Trophy.",
		"options": [
			"Argentina",
			"Australia",
			"India"
		],
		"answer": "2"
	},
{
		"question": "India ranks __________ in the ICC T20I team rankings.",
		"options": [
			"Third",
			"Fourth",
			"Second"
		],
		"answer": "3"
	},
{
		"question": "Who has become the first Sikh man to be hired as an anchor by a news channel in Pakistan?",
		"options": [
			"Harmeet Singh",
			"Arnab Goswami",
			"Udayan Mukherjee"
		],
		"answer": "1"
	},
{
		"question": "Name of the Indian American women who has been appointed as the CEO of Committee of United States is __________.",
		"options": [
			"Gita Gopinath",
			"Seema Nanda",
			"Nita Ahuja"
		],
		"answer": "2"
	},
{
		"question": "Which team won the 2018 Kabaddi Masters Dubai title?",
		"options": [
			"India",
			"Argentina",
			"Pakistan"
		],
		"answer": "1"
	},
{
		"question": "The theme of 2018 National Doctor's Day is;",
		"options": [
			"Tolerance to violence against doctors and clinical establishment",
			"Tolerance against false medical practioners",
			"Zero tolerance to violence against doctors and clinical establishment"
		],
		"answer": "3"
	},
{
		"question": "Which among the following launches Happiness Curriculum for govt schools?",
		"options": [
			"Kolkata",
			"Mumbai",
			"Delhi"
		],
		"answer": "3"
	},
{
		"question": "Which state to host the conference of Ministers for Power, New & Renewable Energy of States & Union Territories?",
		"options": [
			"Himachal Pradesh",
			"Madhya Pradesh",
			"Tamil Nadu"
		],
		"answer": "1"
	},
{
		"question": "The International Joke Day celebrated all over the world on which date",
		"options": [
			"July 2",
			"July 1",
			"June 29"
		],
		"answer": "2"
	},

	{
		"question": " Which of the following state gets its first airport which is also India's 100th airport? ",
		"options": [
			"Sikkim ",
			"Meghalaya ",
			"Nagaland  "
		],
		"answer": "1"
	},
{
		"question": " India successfully test-fired Helina missile which is - ",
		"options": [
			" Anti Submarine Missile ",
			"Anti Tank Missile ",
			"  Anti Ship Missile "
		],
		"answer": "3"
	},
{
		"question": "The Government of India launched a programme called 'Clean Ganga'. This is because -",
		"options": [
			"the Ganga is a holy river ",
			"contaminated Ganga water can spread contagious disease ",
			"  it can attract more tourists"
		],
		"answer": "2"
	},
{
		"question": " As per the UN Human Development Index (HDI) 2018 report, which of the following country has ranked first in HDI 2018 list? ",
		"options": [
			"Germany  ",
			" Switzerland  ",
			"Norway "
		],
		"answer": "3"
	},
{
		"question": "As per the UN Human Development Index (HDI) report 2018 India's ranked - ",
		"options": [
			"130th  ",
			"100th  ",
			" 110th  "
		],
		"answer": "2"
	},
{
		"question": " Who among the following renominated as chairman of Lok Sabha ethics panel? ",
		"options": [
			"Ramesh Pokhriyal Nishank  ",
			"P Karunakaran  ",
			" L K Advani  "
		],
		"answer": "3"
	},
{
		"question": " Who is the present CEO of the Microsoft Corporation, an international American Organization ?  ",
		"options": [
			"Ms. Indira Nooyi ",
			" Mr. Satya Nadela  ",
			"Mr. Vishal Sikka  "
		],
		"answer": "2"
	},
{
		"question": "Which of the following company become USD 1 trillion company after Apple Inc?  ",
		"options": [
			"Alphabet  ",
			"Amazon  ",
			" IBM "
		],
		"answer": "2"
	},
{
		"question": "Which of the following city going to host Asian Games 2022?  ",
		"options": [
			"New Delhi  ",
			"Kuala Lumpur  ",
			"  Hangzhou  "
		],
		"answer": "3"
	},
{
		"question": "Who has been crowned Femina Miss India World 2018 ?  ",
		"options": [
			"Meenakshi Chaudhary  ",
			"Manushi Chhillar ",
			" Anukreethy Vas  "
		],
		"answer": "3"
	},
{
		"question": "Which film was adjudged the �Best Film� in the 19th IIFA awards-2018 ?  ",
		"options": [
			"Secret Super Star  ",
			" Tumhari Sulu  ",
			" Hindi Medium "
		],
		"answer": "2"
	},
{
		"question": " Which major world power quit the UNHRC ?  ",
		"options": [
			"Russia  ",
			" China  ",
			" USA "
		],
		"answer": "3"
	},
{
		"question": "The 'Vanbandhu Kalyan Yojana' (VKY) is aimed at improving the infrastructure and human development indices of the -  ",
		"options": [
			"Tribal Population  ",
			" Farmers and Agriculturists  ",
			"Weaker Sections "
		],
		"answer": "1"
	},
{
		"question": " The recently launched 'PMFBY' is a -  ",
		"options": [
			"Life Insurance Scheme  ",
			"Accident Insurance Scheme  ",
			"Crop Insurance Scheme "
		],
		"answer": "3"
	},
{
		"question": " Under the 'Swachh Bharat Abhiyan' (SBA), all 6-5 lac villages will be provided an amount of Rs. 20 lac every year until 2019 by the -  ",
		"options": [
			" Ministry of Rural Development  ",
			"Ministry of Water Resources  ",
			" Ministry of Urban Poverty Alleviation "
		],
		"answer": "1"
	},
{
		"question": "Who among the following has spot the No. 1 rank in Forbes World's Most Powerful Leader list?  ",
		"options": [
			"Narendra Modi  ",
			" Xi Jinping ",
			" Vladimir Putin  "
		],
		"answer": "2"
	},
{
		"question": "Which among the following foreign company buy India's leading e-commerce company Flipkart?  ",
		"options": [
			"Wallmart ",
			"Ebay ",
			"Amazon "
		],
		"answer": "1"
	},
{
		"question": " Who among the following is the author of the book Anita gets Bail? ",
		"options": [
			"Ashok Desai ",
			" Arun Shourie  ",
			"Rahul Unnikrishnan  "
		],
		"answer": "2"
	},
{
		"question": "Who among the following is the longest serving Chief Minister of any Indian state?  ",
		"options": [
			" Sri Manik Sarkar  ",
			" Sri Pawan Kumar Chamling  ",
			" Sri Naveen Pattanaik "
		],
		"answer": "2"
	},
{
		"question": "Government has recently removed AFSPA (Armed Forces Special Powers Act) from which of the following state?  ",
		"options": [
			" Meghalaya ",
			" Manipur ",
			" Nagaland "
		],
		"answer": "1"
	},
{
		"question": " Who among the following is the winner of Best Actor in 65th National Film Awards?  ",
		"options": [
			" Ranveer Singh  ",
			" Amir Khan  ",
			" Riddhi Sen  "
		],
		"answer": "3"
	},
{
		"question": " Justin Trudeau visited India on February 2018, he was the prime minister of - ",
		"options": [
			" Canada ",
			"Peru",
			" Brazil "
		],
		"answer": "1"
	},
{
		"question": " Which of the following city is hosting the Commonwealth Game 2018? ",
		"options": [
			" Toronto, Canada ",
			" Gold Coast, Australia ",
			" London, UK "
		],
		"answer": "2"
	},
{
		"question": " Who won Miss World 2017 title? ",
		"options": [
			" India's Manushi Chhillar ",
			" England's Stephanie Hill ",
			" Mexico's Alma Andrea Meza Carmona "
		],
		"answer": "1"
	},
{
		"question": " Which bank claims that it is 'India's International Bank'? ",
		"options": [
			"  Bank of Baroda  ",
			" Bank of India  ",
			" HDFC Bank  "
		],
		"answer": "1"
	},

{
		"question": " Which is world's largest listed company in terms of market capitalization? ",
		"options": [
			" Apple ",
			"  Microsoft  ",
			" Amazon"
		],
		"answer": "1"
	},
{
		"question": " Deena Dayal Sparsh Yojana is a scholarship scheme which covers students of classes - ",
		"options": [
			" VI to IX  ",
			" I to V  ",
			" VI to X  "
		],
		"answer": "1"
	},
{
		"question": " India is a key player in the development of which international port? ",
		"options": [
			" Chabahar port ",
			" Chittagong port ",
			" Deep-sea port of Hambantota "
		],
		"answer": "1"
	},
{
		"question": " India's first energy-efficient railway station is - ",
		"options": [
			"  Kacheguda ",
			"  Thane ",
			"  Raipur  "
		],
		"answer": "1"
	},
{
		"question": "  CARB-X is a -  ",
		"options": [
			"  Antibiotic Development project ",
			"  A gene  ",
			"  Hybrid Car  "
		],
		"answer": "1"
	},
{
		"question": " Dr. Manmohan Singh, ex-prime Minister of India has won ........... for 2017. ",
		"options": [
			"  Magsaysay Award  ",
			"  Indira Gandhi Prize for peace, Disarmment and Development  ",
			"  International Gandhi peace Prize  "
		],
		"answer": "2"
	},
{
		"question": " Which Indian currency note celebrated its 100th birthday in November 2017? ",
		"options": [
			" Rs. 1 ",
			" Rs. 10 ",
			" Rs. 5"
		],
		"answer": "1"
	},
{
		"question": " 2018 Winter Olympic held at - ",
		"options": [
			"  Pyeongchang ",
			" Gimcheon ",
			"Seoul "
		],
		"answer": "1"
	},
{
		"question": " Mahadayi river water dispute is in between - ",
		"options": [
			" Goa and Maharashtra ",
			" Goa and Karnataka",
			"  Tamil Nadu and Karnataka  "
		],
		"answer": "2"
	},
{
		"question": " With which of the following nation, India has the most favourable foreign trade ? ",
		"options": [
			" China ",
			" America ",
			"  Nepal"
		],
		"answer": "2"
	},
{
		"question": " 'Saubhagya Yojana' launched by Prime Minister Modi is associated with- ",
		"options": [
			" Free Electricity Connection",
			" Girl Marriage ",
			" Female Fertility "
		],
		"answer": "1"
	},
{
		"question": " The Kovvada Nuclear Park project is proposed to be setup in which state ? ",
		"options": [
			" Uttar Pradesh ",
			"  Rajasthan ",
			"  Andhra Pradesh "
		],
		"answer": "3"
	},
{
		"question": "Which of the following is odd one out? ",
		"options": [
			" Paytm ",
			" Citrus Pay ",
			"Ezetap "
		],
		"answer": "3"
	},
{
		"question": " Which of the following state became the first state where railway track was made on PPP model? ",
		"options": [
			" Gujarat ",
			"Andhra Pradesh ",
			"Karnataka "
		],
		"answer": "1"
	},
{
		"question": " Which of the following book is an autobiography of Dr. A. P. J Abdul Kalam? ",
		"options": [
			" Ignited Minds ",
			" Wings of Fire ",
			" My Presidential Years"
		],
		"answer": "2"
	},
{
		"question": "According to Swachh Bharat Survey 2015, which of the following cities is most clean city of India? ",
		"options": [
			"Bangalore ",
			"Chennai ",
			" Mysore "
		],
		"answer": "3"
	},
{
		"question": " How many Indian companies have been included in world largest 500 companies as per fortune magazine? ",
		"options": [
			"9",
			"7",
			" 8"
		],
		"answer": "2"
	},
{
		"question": " Famous noodles brand Maggi is owned by -",
		"options": [
			" Parle Foods ",
			" Pepsico India ",
			"Nestle India  "
		],
		"answer": "3"
	},
{
		"question": "India's biggest telescope Multi Application Solar Telescope (MAST) has been installed at - ",
		"options": [
			"Ladakh ",
			"Udaipur ",
			"Ahmedabad "
		],
		"answer": "2"
	},
{
		"question": "Mission Indradhanush is related to - ",
		"options": [
			" Universal Immunisation programme ",
			"Revival of public sector bank ",
			" Skill development of rural youth "
		],
		"answer": "1"
	},
{
		"question": "Which team is the winner of 8th IPL league? ",
		"options": [
			"Channai Super King ",
			"Royal Challengers Bangalore ",
			" Mumbai Indian"
		],
		"answer": "3"
	},
{
		"question": "A deadly virus suddenly appear in South Korea, the name of that virus is - ",
		"options": [
			" Ebola ",
			"  MERS  ",
			" Influenza "
		],
		"answer": "2"
	},
{
		"question": " Prime Minister Narendra Modi launched India's first indigenously developed vaccine _________ on March 9, 2015 ",
		"options": [
			" Rotavirus ",
			" Oral Polio ",
			" Influenza "
		],
		"answer": "1"
	},
{
		"question": " Who was declare man of the match in World Cup Cricket 2015 final match? ",
		"options": [
			" Guptil ",
			" James Faulkner ",
			" Mitchell Starc "
		],
		"answer": "2"
	},
{
		"question": " What is 'Pink Sheet' ? ",
		"options": [
			" IMF's Data sheet on current account deficits ",
			" RBI's Monetary Policy norms ",
			" World Bank Commodities Price Data "
		],
		"answer": "3"
	},

{
		"question": " Who was the ICC Cricket world Cup 2015 ambassador? ",
		"options": [
			" Riki Ponting ",
			" Sachin Tendulkar ",
			" AB de Villiers "
		],
		"answer": "2"
	},
{
		"question": " Lee Kuan Yew was recently in news, he is the founder of modern - ",
		"options": [
			" Thailand ",
			" Singapore ",
			" Malaysia "
		],
		"answer": "2"
	},
{
		"question": " R. K. Laxman was recently in news. He was a famous __________ ",
		"options": [
			" Painter ",
			" Cartoonist ",
			" Journalist "
		],
		"answer": "2"
	},
{
		"question": " Who among the following foreigners is the recipient of Padma Vibhushan for the year 2015? ",
		"options": [
			" Prof. Jacques Blamont ",
			" Shri Aga Khan ",
			" Ms. Melinda Gates "
		],
		"answer": "2"
	},
{
		"question": " The newest country in the world is - ",
		"options": [
			" South Sudan ",
			" East Trimor ",
			" Palau "
		],
		"answer": "1"
	},
{
		"question": " The first CNG train is launched on - ",
		"options": [
			" Delhi-Agra Section ",
			" Delhi-Chandigarh Section ",
			" Rewari-Rohtak Section "
		],
		"answer": "3"
	},
{
		"question": " Which of the following country is the most competitive economy in the world as per Global Competitiveness Report 2014? ",
		"options": [
			" Japan ",
			" Switzerland ",
			" Singapore "
		],
		"answer": "2"
	},
{
		"question": " The first Railway Station in India having WiFi facility is - ",
		"options": [
			" Bengaluru City ",
			" Ahmedabad ",
			" New Delhi "
		],
		"answer": "1"
	},
{
		"question": " Which date is recently declared as International Yoga Day by UN? ",
		"options": [
			" June 21 ",
			" July 21 ",
			" October 21 "
		],
		"answer": "1"
	},
{
		"question": " Which state celebrate Hornbill festival? ",
		"options": [
			" Nagaland ",
			" Manipur ",
			" Meghalaya "
		],
		"answer": "1"
	},
{
		"question": " Who among the following is the current Chief Election Commissioner (CEC) of India? ",
		"options": [
			" K.G. Balakrishnan ",
			" Dr. Nasim Zaidi ",
			" Ranjit Sinha "
		],
		"answer": "2"
	},
{
		"question": " The production, marketing storage, advertisement and consumption of smokeless tobacco is banned in - ",
		"options": [
			" Assam ",
			" Arunachal Pradesh ",
			" Meghalaya "
		],
		"answer": "1"
	},
{
		"question": " The number of women entrepreneur in small scale industry is highest in the State of - ",
		"options": [
			" Karnataka ",
			"Kerala",
			" Maharashtra"
		],
		"answer": "2"
	},
{
		"question": " 2015 cricket World Cup is held in - ",
		"options": [
			" England ",
			" South Africa ",
			" Australia and New Zealand "
		],
		"answer": "3"
	},
{
		"question": " Who is the newly elected President of Afghanistan? ",
		"options": [
			" Ashraf Ghani ",
			" Hamid Karzai ",
			" Ramazan Bashardost "
		],
		"answer": "1"
	},
{
		"question": " Which country of the world ranks first in milk production in 2014-15? ",
		"options": [
			" India ",
			"Russia",
			" Germany "
		],
		"answer": "1"
	},
{
		"question": " With which country,India in january 2014 signed pact to protect interests of Indian labour? ",
		"options": [
			" United Arab Emirates ",
			" Kuwait ",
			" Saudi Arabia "
		],
		"answer": "3"
	},
{
		"question": " Mira is a - ",
		"options": [
			" Supercomputer ",
			" Robot ",
			" Naval Ship "
		],
		"answer": "1"
	},
{
		"question": " __________ is the largest-ever warship built in India ",
		"options": [
			" INS Kolkata ",
			" INS Kalinga ",
			" INS Seyadri "
		],
		"answer": "1"
	},
{
		"question": " The newly announced Maulana Azad Taleem-e-Baligan aims- ",
		"options": [
			" To achieve free higher education for poor people. ",
			" To achieve higher literacy for the minority Muslim community ",
			" To achieve higher economic status for Muslim community. "
		],
		"answer": "2"
	},
{
		"question": " Where Naval Physical and Oceanographic Laboratory is located? ",
		"options": [
			" Kochi ",
			" Chika Lake, Odisha ",
			" Vishakahpatnam "
		],
		"answer": "1"
	},
{
		"question": " Recently launched Tej Payment App was introduced by - ",
		"options": [
			" Microsoft ",
			" Google ",
			" PayPal "
		],
		"answer": "2"
	},
{
		"question": " Sardar Sarovar Dam is build on the river - ",
		"options": [
			" Narmada ",
			" Luni ",
			" Tapi "
		],
		"answer": "1"
	},
{
		"question": " Who is the brand ambassador of GST advertisement? ",
		"options": [
			" Arun Jaitley ",
			" Anupam Kher ",
			" Amitabh Bachchan "
		],
		"answer": "3"
	},
{
		"question": " Which of the following is the latest version of Android Mobile Operating System? ",
		"options": [
			" Nougat ",
			" Oreo ",
			" Marshmallow "
		],
		"answer": "2"
	}
]

