[
	{
		"question": "who was the winner of cricket world cup 2011?",
		"options": [
			"Australia",
			"India",
			"Srilanka"
		],
		"answer": "2"
	},
	{
		"question": " The term�Googly� is associated with ?",
		"options": [
			"Football",
			"Hockey",
			"Cricket"
		],
		"answer": "3"
	},
	{
		"question": "Aga Khan Cup is awarded to ?",
		"options": [
			"International Hockey",
			"National hockey in India",
			"Asian hockey"
		],
		"answer": "2"
	},

{

		"question": " 2010 Commonwealth Games held in ?",
		"options": [
			"Canada",
			"India",
			"Srilanka"
		],
		"answer": "2"
	},
{
                    "question": " Krishna Poonia is associated with ?",

		"options": [
			"Football",
			"Hockey",
			"Chess"
		],
		"answer": "3"
	},

 {
                    "question": "  In 1924 the first winter Olympics was held in ?",

		"options": [
			"France",
			"Australia",
			"Italy"
		],
		"answer": "1"
	},
{
                    "question": " India first took part in the olympic games in the year ?",

		"options": [
			"1920",
			"1923",
			"1945"
		],
		"answer": "1"
	},
{
                    "question": " Pullela Gopichand is associated with ?",

		"options": [
			"Badminton",
			"Basketball",
			"Volleyball"
		],
		"answer": "1"
	},
{
                    "question": " Sundarrajan Kidambi is associated with ?",

		"options": [
			"Carroms",
			"Ludo",
			"Chess"
		],
		"answer": "3"
	},
{
                    "question": " The ASIAD is held every ?",

		"options": [
			"1 year",
			"4 years",
			"2 years"
		],
		"answer": "2"
	},
{
                    "question": " Who are Kangaroos ?",

		"options": [
			"Bangladesh",
			"Kenya",
			"Australia"
		],
		"answer": "3"
	},
{
                    "question": " Oval stadium in England is associated with ?",

		"options": [
			"Cricket",
			"Football",
			"Hockey"
		],
		"answer": "1"
	},
{
                    "question": " Karnam Malleswari is associated with ?",

		"options": [
			"Weight lifting",
			"Running",
			"Cricket"
		],
		"answer": "1"
	},
{
                    "question": " Aparna Popet is associated with ?",

		"options": [
			"Volleyball",
			"Hockey",
			"Badminton"
		],
		"answer": "3"
	},
{
                    "question": " 2010 World Cup football tournament was held in?",

		"options": [
			"South Africa",
			"Germany",
			"Austria"
		],
		"answer": "1"
	},
{
                    "question": " Mithir Sen is associated with ?",

		"options": [
			"Weight lifting",
			"Swimming",
			"Badminton"
		],
		"answer": "2"
	},

{
                    "question": " In 2011 India won the World Cup. Who was adjudicated as the man of the series in the tournament ?",

		"options": [
			"Zaheer Khan",
			"Rahul Dravid",
			"Yuvraj Singh"
		],
		"answer": "3"
	},
{
                    "question": "The maximum number of Gold medals in Olympics 2008 was won by ?",

		"options": [
			"France",
			"USA",
			"China"
		],
		"answer": "2"
	},
{
                    "question": "Viswanath Anand is associated with ?",

		"options": [
			"Chess",
			"Carroms",
			"Volleyball"
		],
		"answer": "1"
	},

{
                    "question": " Kunjarani Devi is associated with ?",

		"options": [
			"Weight lifting",
			"Cricket",
			"Football"
		],
		"answer": "1"
	},
{
                    "question": "Eden Gardens in Kolkata is ----- stadium.?",

		"options": [
			"Polo",
			"Cricket",
			"Badminton"
		],
		"answer": "2"
	},

{
                    "question": " The 2014 football world cup held in?",

		"options": [
			"Brazil",
			"China",
			"Japan"
		],
		"answer": "1"
	},

{
                    "question": "How many gold medals won by India in 2010 Commonwealth Games ?",

		"options": [
			"38",
			"27",
			"42"
		],
		"answer": "1"
	},

{
                    "question": " Mahesh Bhupathi is associated with ?",

		"options": [
			"Lawn tennis",
			"Swimming",
			"Badminton"
		],
		"answer": "1"
	},

{
                    "question": " 2009 Davis cup was won by ?",

		"options": [
			"Spain",
			"US",
			"Czech Republic"
		],
		"answer": "2"
	},
{
     "question": "Former Australian captain Mark Taylor has had several nicknames over his playing career. Which of the following was NOT one of them?",

		"options": [
			"Helium Bat",
			"Stodge",
			"Stumpy"
		],
		"answer": "3"
	},
{
                    "question": " Which was the 1st non Test playing country to beat India in an international match?",

		"options": [
			"Canada",
			"Zimbabwe",
			"Sri Lanka"
		],
		"answer": "3"
	},
{
                    "question": "Track and field star Carl Lewis won how many gold medals at the 1984 Olympic games? ",

		"options": [
			"Eight",
			"Three",
			"Four"
		],
		"answer": "3"
	},
{
                    "question": " Which county did Ravi Shastri play for?",

		"options": [
			"Leicestershire",
			"Glamorgan",
			"Gloucestershire"
		],
		"answer": "2"
	},
{
                    "question": "Who was the first Indian to win the World Amateur Billiards title?",

		"options": [
			"Michael Ferreira",
			"Manoj Kothari",
			"Wilson Jones"
		],
		"answer": "3"
	},
{
                    "question": "Who is the first Indian woman to win an Asian Games gold in 400m run? ",

		"options": [
			"M.L.Valsamma",
			"K.Malleshwari",
			"Kamaljit Sandhu"
		],
		"answer": "3"
	},
{
                    "question": "Which two counties did Kapil Dev play?",

		"options": [
			"Northamptonshire & Worcestershire",
			"Nottinghamshire & Warwickshire",
			"Nottinghamshire & Worcestershire"
		],
		"answer": "1"
	},
{
                    "question": " When was Amateur Athletics Federation of India established?",

		"options": [
			"1936",
			"1966",
			"1946"
		],
		"answer": "3"
	},
{
                    "question": " Who did Stone Cold Steve Austin wrestle at the 1998 edition of Over the Edge?",

		"options": [
			"Dude Love",
			"Mankind",
			"Mick Foley"
		],
		"answer": "1"
	},
{
                    "question": "Ricky Ponting is also known as what? ",

		"options": [
			"The Rickster",
			"Punter",
			"Ponter"
		],
		"answer": "2"
	},
{
                    "question": " How long are professional Golf Tour players allotted per shot?",

		"options": [
			"25 seconds",
			"1 minute",
			"45 seconds"
		],
		"answer": "3"
	},
{
                    "question": "Which NBA player scored 8 points in the final 7 seconds of a game to lead his team to victory? ",

		"options": [
			"Baron Davis",
			"Stephon Maurbury",
			"Reggie Miller"
		],
		"answer": "3"
	},
{
                    "question": " In the match between India and Pakistan at Jaipur on 02-10-1983, Which new rule was introduced?",

		"options": [
			"Limit of overs was reduced to 50 overs",
			"Over throw runs were batsman's score",
			"No-balls & wides were debited to bowlers analysis"
		],
		"answer": "3"
	},
{
                    "question": "The first hang gliders to be flown were flown in...? ",

		"options": [
			"1700s",
			"1900s",
			"1800s"
		],
		"answer": "3"
	},
{
                    "question": " Which two counties did Anil Kumble play for?",

		"options": [
			"Nottinghamshire & Lancashire",
			"Northamptonshire & Lancashire",
			"Northamptonshire & Leicestershire"
		],
		"answer": "3"
	},
{
                    "question": "The nickname of Glenn McGrath is what? ",

		"options": [
			"Ooh Ahh",
			"Big Bird",
			"Pigeon"
		],
		"answer": "3"
	},
{
                    "question": " Mark Waugh is commonly called what?",

		"options": [
			"Afganistan",
			"Tugga",
			"Junior"
		],
		"answer": "3"
	},
{
                    "question": "India won its first Olympic hockey gold in...? ",

		"options": [
			"1936",
			"1948",
			"1928"
		],
		"answer": "3"
	},
{
                    "question": "How many times did Geet Sethi win the lBSF World Billiards title? ",

		"options": [
			"2",
			"4",
			"3"
		],
		"answer": "3"
	},
{
                    "question": "In which year did Milkha Singh win the first National title in the 400 m race? ",

		"options": [
			"1957",
			"1970",
			"1956"
		],
		"answer": "1"
	},
{
                    "question": " Who won the 1993 King of the Ring?",

		"options": [
			"Owen Hart",
			"Bret Hart",
			"Mabel"
		],
		"answer": "2"
	},
{
                    "question": "What NHL goaltender has the most career wins?",

		"options": [
			"Patrick Roy",
			"Grant Fuhr",
			"Chris Osgood"
		],
		"answer": "2"
	},
{
                    "question": "What Major League Baseball player holds the record for all-time career high batting average? ",

		"options": [
			"Larry Walker",
			"Frank Thomas",
			"Ty Cobb"
		],
		"answer": "3"
	},
{
                    "question": "Who among the following is NOT associated with billiards in India? ",

		"options": [
			"Manoj Kothari",
			"Mihir Sen",
			"Ashok Shandilya"
		],
		"answer": "2"
	},
{
                    "question": " Which player has scored the most runs in a single Test innings?",

		"options": [
			"Graham Gooch",
			"Brian Lara",
			"Agarkar"
		],
		"answer": "2"
	},
{
                    "question": " Who was the 1st ODI captain for India?",

		"options": [
			"Bishen Singh Bedi",
			"Nawab Pataudi",
			"Ajit Wadekar"
		],
		"answer": "3"
	},
{
                    "question": " Where did India play its 1st one day international match?",

		"options": [
			"Lords",
			"Headingley",
			"The Oval"
		],
		"answer": "2"
	},
{
                    "question": "India reached the final of the Davis Cup for the first time in...? ",

		"options": [
			"1974",
			"1970",
			"1966"
		],
		"answer": "3"
	},
{
                    "question": " The Asian Games were held in Delhi for the first time in...?",

		"options": [
			"1971",
			"1982",
			"1951"
		],
		"answer": "3"
	},
{
                    "question": "What Australian player was known as 'Fruitfly' amongst the rest of the team? ",

		"options": [
			"Mike Veletta",
			"Merv Hughes",
			"Mike Whitney"
		],
		"answer": "2"
	},
{
                    "question": "Which county did Mohammad Azharuddin play for? ",

		"options": [
			"Hampshire",
			"Derbyshire",
			"Lancashire"
		],
		"answer": "2"
	},
{
                    "question": " The first hand glider was designed by...?",

		"options": [
			"Francis Rogallo",
			"Leonardo DaVinci",
			"Galileo"
		],
		"answer": "2"
	},
{
                    "question": " Which county did Sunil Gavaskar play for?",

		"options": [
			"Worcestershire",
			"Somerset",
			"Glamorgan"
		],
		"answer": "2"
	},
{
                    "question": "The 'Dronacharya Award' is given to...? ",

		"options": [
			"Coaches",
			"Umpires",
			"Sports Editors"
		],
		"answer": "1"
	},
{
                    "question": "In which Indian state did the game of Polo originate? ",

		"options": [
			"West Bengal",
			"Manipur",
			"Rajasthan"
		],
		"answer": "2"
	},
{
                    "question": " What do African-American football players Ernie Davis, Archie Griffin, and Tony Dorsett have in common?",

		"options": [
			"They dont have any similarity",
			"They all won the Heisman Trophy",
			"They all led to Super Bowl titles"
		],
		"answer": "2"
	},
{
                    "question": " Which cricketer died on the field in Bangladesh while playing for Abahani Club?",

		"options": [
			"M.L.Jaisimha",
			"Raman Lamba",
			"Lala Amarnath"
		],
		"answer": "2"
	},
{
                    "question": "Which of the following is a Manipuri version of Hockey? ",

		"options": [
			"Khong Kangjei",
			"Hiyang Tanaba",
			"None of above"
		],
		"answer": "1"
	},
{
                    "question": "Which county did Javagal Srinath sign for in 2003? ",

		"options": [
			"Sussex",
			"Durham",
			"Essex"
		],
		"answer": "2"
	},
{
                    "question": "Which county did Sachin Tendulkar play for? ",

		"options": [
			"Leicestershire",
			"Yorkshire",
			"Lancashire"
		],
		"answer": "2"
	},
{
                    "question": " Who did Shawn Michaels beat to win his first Intercontinental Title?",

		"options": [
			"British Bulldog",
			"Tito Santana",
			"Marty Jannetty"
		],
		"answer": "1"
	},
{
                    "question": " Where did the 1st ODI match was played in India?",

		"options": [
			"Ahmedabad",
			"Mumbai",
			"New Delhi"
		],
		"answer": "1"
	},
{
                    "question": "Who had a torrid time with Lancashire in 2000? ",

		"options": [
			"Javagal Srinath",
			"Saurav Ganguly",
			"Nayan Mongia"
		],
		"answer": "2"
	},
{
                    "question": "What is the name of the person that controls a football match? ",

		"options": [
			"An umpire",
			"A referee",
			"A goalkeeper"
		],
		"answer": "2"
	},
{
                    "question": " Former Australian captain Allan Border was sometimes known as 'Captain Grumpy'. What was his other nickname?",

		"options": [
			"Abe",
			"AB",
			"Groucho"
		],
		"answer": "2"
	},
{
                    "question": "The Indian football team made its first appearance at Olympics in...? ",

		"options": [
			"1936",
			"1956",
			"1948"
		],
		"answer": "3"
	},
{
                    "question": " Who was the first captain of Indian Test team?",

		"options": [
			"Vijay Hazare",
			"C K Nayudu",
			"Vijay Merchant"
		],
		"answer": "2"
	},
{
                    "question": " Fenway Park is the home field of what Major League Baseball team?",

		"options": [
			"Boston Red Sox",
			"Montreal Expos",
			"Chicago White Sox"
		],
		"answer": "1"
	},
{
                    "question": " Pravin Amre and Vinod Kambli played for which province in South Africa?",

		"options": [
			"Griqualand West",
			"Boland",
			"Border"
		],
		"answer": "2"
	},
{
                    "question": "Which football hero was nicknamed 'The Sundance Kid'?",

		"options": [
			"Jim Kiick",
			"Troy Aikman",
			"Joe Montana"
		],
		"answer": "1"
	},
{
                    "question": "Which country won the Cricket World Cup in 1999? ",

		"options": [
			"Australia",
			"South Africa",
			"England"
		],
		"answer": "1"
	},
{
                    "question": "Who did The Rock beat to win his first WWE Title? ",

		"options": [
			"Triple H",
			"Mankind",
			"Bret Hart"
		],
		"answer": "2"
	},
{
                    "question": "The name Kunjarani Devi is associated with...?",

		"options": [
			"Weight Lifting",
			"Athletics",
			"Swimming"
		],
		"answer": "1"
	},
{
                    "question": " In what year was the first international cricket match held?",

		"options": [
			"1844 between Canada and the USA",
			"1892 between England and India",
			"1869 between England and Australia"
		],
		"answer": "1"
	},
{
                    "question": " How many gold medals have been won by India in the Olympics so far?",

		"options": [
			"4",
			"9",
			"8"
		],
		"answer": "2"
	},
{
                    "question": " Who did The Rock wrestle in the main event at the 1999 edition of 'Wrestlemania'?",

		"options": [
			"Triple H",
			"Stone Cold Steve Austin",
			"Undertaker"
		],
		"answer": "2"
	},
{
                    "question": " Which English county did batting sensation Virender Sehwag join in the 2003 season?",

		"options": [
			"Lancashire",
			"Yorkshire",
			"Leicestershire"
		],
		"answer": "3"
	},
{
                    "question": " Who has scored the most Test hundreds ever?",

		"options": [
			"Shane Warne",
			"Sachin Tendulkar",
			"Sunil Gavaskar"
		],
		"answer": "2"
	},
{
                    "question": " When was the first cricket Test match played?",

		"options": [
			"1877",
			"1873",
			"1788"
		],
		"answer": "2"
	},
{
                    "question": " Which track and field star overcame childhood polio to become one of the greatest athletes of her time?",

		"options": [
			"Florence Griffith Joyner",
			"Wilma Rudolph",
			"Jackie Robinson"
		],
		"answer": "2"
	},
{
                    "question": " Who beat Duke in the Great Alaskan Shootout Finals in 1998?",

		"options": [
			"Syracuse",
			"University of Cincinnati",
			"UCLA"
		],
		"answer": "2"
	},
{
                    "question": "'Dizzy' is the nickname of what Australian player?",

		"options": [
			"Jason Gillespie",
			"Brett Lee",
			"Czech Republic"
		],
		"answer": "1"
	},
{
                    "question": " Who is the highest wicket taker in Test cricket?",

		"options": [
			"Muttiah Muralitharan",
			"Courtney Walsh",
			"Brian Lara"
		],
		"answer": "1"
	},
{
                    "question": " Which country, which made its debut in the Norwich Union League in 2003, signed Rahul Dravid as their overseas player?",

		"options": [
			"Ireland",
			"US",
			"Scotland"
		],
		"answer": "3"
	},
{
                    "question": "Which county signed Yuvraj Singh to play for them in 2003?",

		"options": [
			"Spain",
			"US",
			"Yorkshire"
		],
		"answer": "3"
	},
{
                    "question": " Which county did the outspoken Spin great Bishen Singh Bedi play for?",

		"options": [
			"Spain",
			"Northamptonshire",
			"Czech Republic"
		],
		"answer": "2"
	},
{
                    "question": " Who was the first Indian to win an individual medal in Olympics?",

		"options": [
			"P.T.Usha",
			"Karnam Malleshwari",
			"K.D.Jadhav"
		],
		"answer": "3"
	},
{
                    "question": " Which county did speedster Javagal Srinath play for in 1995?",

		"options": [
			"Leicestershire",
			"US",
			"Gloucestershire"
		],
		"answer": "3"
	},
{
                    "question": " Stripped of his heavyweight title in 1967 for refusing induction into the U.S. military, Muhammad Ali regained the heavyweight championship on October 30, 1974, in Kinshasa, Zaire with an eighth-round knockout of which prizefighter?",

		"options": [
			"Sputnik",
			"George Foreman",
			"Czech Republic"
		],
		"answer": "2"
	},
{
                    "question": " Undertaker wrestled Yokozuna at the 1994 'Royal Rumble'. This was a Casket Match. Undertaker wrestled in another Casket Match at the 1998 'Royal Rumble'. Who did he wrestle?",

		"options": [
			"Triple H",
			"Shawn Michaels",
			"Czech Republic"
		],
		"answer": "2"
	},
{
                    "question": " With which sport is the 'Choudhury Trophy' associated?",

		"options": [
			"Formula One racing",
			"Buggy-Jumping",
			"Golf"
		],
		"answer": "1"
	},
{
                    "question": " The nickname of wicketkeeping great Rod Marsh was what?",

		"options": [
			"Bacchus",
			"Lagoon",
			"Billabong"
		],
		"answer": "1"
	},
{
                    "question": " Who was the 1st president of BCCI ( Board of Control for Cricket in India )?",

		"options": [
			"Dr. Maharajkumar Sir Vijaya Ananda",
			"R.E. Grant Govan",
			"Anthony S. D'Mello"
		],
		"answer": "2"
	},
{
                    "question": " How many gold medals did P.T.Usha win in the 1986 Seoul Asian Games?",

		"options": [
			"1",
			"2",
			"4"
		],
		"answer": "3"
	},
{
                    "question": " Who holds second and third place for most yards rushing in a single season in the NFL?",

		"options": [
			"Dick Lane",
			"Jim Brown",
			"OJ Simpson"
		],
		"answer": "3"
	}
]

